select?,countyname,state,concat,max_pop_FIPS,FIPS,dist_from_maxpop,dist_cat,meat_plant,population,cases,deaths
Y,Adams,Colorado,AdamsColorado,8031,8001,30.14,3,N,517421,274,4
N,Adams,Nebraska,AdamsNebraska,31055,31001,133.73,4,N,31363,223,3
N,Adams,Pennsylvania,AdamsPennsylvania,42101,42001,110.84,4,N,103009,34,0
N,Aitkin,Minnesota,AitkinMinnesota,27053,27001,110.33,4,N,15886,0,0
N,Alamosa,Colorado,AlamosaColorado,8031,8003,159.26,5,N,16233,2,0
N,Alcona,Michigan,AlconaMichigan,26163,26001,167.06,5,N,10405,0,0
N,Alger,Michigan,AlgerMichigan,26163,26003,368.83,6,N,9108,0,0
N,Allegan,Michigan,AlleganMichigan,26163,26005,173.3,5,N,118081,28,1
N,Allegheny,Pennsylvania,AlleghenyPennsylvania,42101,42003,257.6,5,N,1216045,276,17
N,Alpena,Michigan,AlpenaMichigan,26163,26007,180.54,5,N,28405,21,0
N,Anderson,Texas,AndersonTexas,48113,48001,91.34,4,N,57735,8,0
N,Andrews,Texas,AndrewsTexas,48113,48003,342.83,6,N,18705,3,0
N,Angelina,Texas,AngelinaTexas,48113,48005,164.56,5,N,86715,9,0
Y,Anoka,Minnesota,AnokaMinnesota,27053,27003,21.71,2,N,356921,85,8
N,Antelope,Nebraska,AntelopeNebraska,31055,31003,115.68,4,N,6298,5,0
N,Antrim,Michigan,AntrimMichigan,26163,26009,210.92,5,N,23324,3,0
N,Aransas,Texas,AransasTexas,48113,48007,322.38,6,N,23510,0,0
Y,Arapahoe,Colorado,ArapahoeColorado,8031,8005,30.28,3,N,656590,512,25
N,Archer,Texas,ArcherTexas,48113,48009,125,4,N,8553,0,0
N,Archuleta,Colorado,ArchuletaColorado,8031,8007,212.23,5,N,14029,2,0
N,Arenac,Michigan,ArenacMichigan,26163,26011,123.45,4,N,14883,2,0
N,Armstrong,Pennsylvania,ArmstrongPennsylvania,42101,42005,234.47,5,N,64735,12,0
N,Armstrong,Texas,ArmstrongTexas,48113,48011,303.32,6,N,1887,0,0
N,Arthur,Nebraska,ArthurNebraska,31055,31005,287.7,5,N,463,0,0
N,Atascosa,Texas,AtascosaTexas,48113,48013,286.99,5,N,51153,4,0
N,Aurora,South Dakota,AuroraSouth Dakota,46099,46003,89.1,4,N,2751,1,0
N,Austin,Texas,AustinTexas,48113,48015,200.9,5,N,30032,1,0
N,Baca,Colorado,BacaColorado,8031,8009,211.94,5,N,3581,0,0
N,Bailey,Texas,BaileyTexas,48113,48017,360.34,6,N,7000,0,0
N,Bandera,Texas,BanderaTexas,48113,48019,254.5,5,N,23112,0,0
N,Banner,Nebraska,BannerNebraska,31055,31007,392.57,6,N,745,0,0
N,Baraga,Michigan,BaragaMichigan,26163,26013,394.72,6,N,8209,0,0
N,Barry,Michigan,BarryMichigan,26163,26015,106.68,4,N,61550,8,0
N,Bastrop,Texas,BastropTexas,48113,48021,186.72,5,N,88723,19,0
N,Baylor,Texas,BaylorTexas,48113,48023,151.71,5,N,3509,0,0
N,Bay,Michigan,BayMichigan,26163,26017,104.26,4,N,103126,34,0
N,Beadle,South Dakota,BeadleSouth Dakota,46099,46005,90.11,4,N,18453,2,0
N,Beaver,Pennsylvania,BeaverPennsylvania,42101,42007,278.62,5,N,163929,91,8
N,Becker,Minnesota,BeckerMinnesota,27053,27005,172.2,5,N,34423,3,0
N,Bedford,Pennsylvania,BedfordPennsylvania,42101,42009,177.64,5,N,47888,2,0
N,Bee,Texas,BeeTexas,48113,48025,306.03,6,N,32565,1,0
N,Bell,Texas,BellTexas,48113,48027,126.12,4,N,362924,31,1
N,Beltrami,Minnesota,BeltramiMinnesota,27053,27007,211.12,5,N,47188,1,0
N,Bennett,South Dakota,BennettSouth Dakota,46099,46007,247.14,5,N,3365,0,0
N,Bent,Colorado,BentColorado,8031,8011,159.37,5,N,5577,0,0
N,Benton,Minnesota,BentonMinnesota,27053,27009,54.4,3,N,40889,16,0
N,Benzie,Michigan,BenzieMichigan,26163,26019,230.07,5,N,17766,3,0
N,Berks,Pennsylvania,BerksPennsylvania,42101,42011,50.34,3,N,421164,533,48
N,Berrien,Michigan,BerrienMichigan,26163,26021,181.76,5,N,153401,58,2
N,Bexar,Texas,BexarTexas,48113,48029,251.35,5,N,2003554,239,3
N,Big Stone,Minnesota,Big StoneMinnesota,27053,27011,145.3,4,N,4991,0,0
N,Blaine,Nebraska,BlaineNebraska,31055,31009,202.88,5,N,465,0,0
N,Blair,Pennsylvania,BlairPennsylvania,42101,42013,170.9,5,N,121829,7,0
N,Blanco,Texas,BlancoTexas,48113,48031,197.46,5,N,11931,0,0
N,Blue Earth,Minnesota,Blue EarthMinnesota,27053,27013,72.89,3,N,67653,8,0
N,Bon Homme,South Dakota,Bon HommeSouth Dakota,46099,46009,72.23,3,N,6901,1,0
N,Boone,Nebraska,BooneNebraska,31055,31011,102.92,4,N,5192,2,0
N,Borden,Texas,BordenTexas,48113,48033,270.45,5,N,654,0,0
N,Bosque,Texas,BosqueTexas,48113,48035,78.09,4,N,18685,3,0
Y,Boulder,Colorado,BoulderColorado,8031,8013,35.8,3,N,326196,115,2
N,Bowie,Texas,BowieTexas,48113,48037,144.2,4,N,93245,18,0
N,Box Butte,Nebraska,Box ButteNebraska,31055,31013,362.87,6,N,10783,1,0
N,Boyd,Nebraska,BoydNebraska,31055,31015,173.79,5,N,1919,0,0
N,Bradford,Pennsylvania,BradfordPennsylvania,42101,42015,142.37,4,N,60323,10,0
N,Branch,Michigan,BranchMichigan,26163,26023,95.9,4,N,43517,17,1
N,Brazoria,Texas,BrazoriaTexas,48113,48039,261.1,5,N,374264,114,2
N,Brazos,Texas,BrazosTexas,48113,48041,148.46,4,N,229211,22,3
N,Brewster,Texas,BrewsterTexas,48113,48043,433.34,6,N,9203,0,0
N,Briscoe,Texas,BriscoeTexas,48113,48045,282.11,5,N,1546,0,0
N,Brookings,South Dakota,BrookingsSouth Dakota,46099,46011,49,3,N,35077,0,0
N,Brooks,Texas,BrooksTexas,48113,48047,405.27,6,N,7093,0,0
N,Broomfield,Colorado,BroomfieldColorado,8031,8014,16.06,2,N,70465,33,4
N,Brown,Minnesota,BrownMinnesota,27053,27015,81.14,4,N,25008,4,0
N,Brown,Nebraska,BrownNebraska,31055,31017,207.22,5,N,2955,0,0
Y,Brown,South Dakota,BrownSouth Dakota,46099,46013,153.25,5,Y,38839,25,0
N,Brown,Texas,BrownTexas,48113,48049,147.05,4,N,37864,14,1
N,Brule,South Dakota,BruleSouth Dakota,46099,46015,114.83,4,N,5297,0,0
Y,Bucks,Pennsylvania,BucksPennsylvania,42101,42017,22.67,2,Y,628270,653,61
N,Buffalo,Nebraska,BuffaloNebraska,31055,31019,155.16,5,N,49659,121,1
N,Buffalo,South Dakota,BuffaloSouth Dakota,46099,46017,122.77,4,N,1962,0,0
N,Burleson,Texas,BurlesonTexas,48113,48051,157.35,5,N,18443,3,0
N,Burnet,Texas,BurnetTexas,48113,48053,160.15,5,N,48155,8,0
N,Burt,Nebraska,BurtNebraska,31055,31021,39.64,3,N,6459,6,0
N,Butler,Nebraska,ButlerNebraska,31055,31023,51.03,3,N,8016,16,0
N,Butler,Pennsylvania,ButlerPennsylvania,42101,42019,259.18,5,N,187853,45,1
N,Butte,South Dakota,ButteSouth Dakota,46099,46019,342.3,6,N,10429,0,0
N,Caldwell,Texas,CaldwellTexas,48113,48055,208.37,5,N,43664,4,0
N,Calhoun,Michigan,CalhounMichigan,26163,26025,89.55,4,N,134159,48,2
N,Calhoun,Texas,CalhounTexas,48113,48057,298.82,5,N,21290,5,0
N,Callahan,Texas,CallahanTexas,48113,48059,154.6,5,N,13943,0,0
N,Cambria,Pennsylvania,CambriaPennsylvania,42101,42021,191.82,5,N,130192,10,0
N,Cameron,Pennsylvania,CameronPennsylvania,42101,42023,188.41,5,N,4447,0,0
N,Cameron,Texas,CameronTexas,48113,48061,462.36,6,N,423163,89,3
N,Campbell,South Dakota,CampbellSouth Dakota,46099,46021,215.67,5,N,1376,0,0
N,Camp,Texas,CampTexas,48113,48063,105.4,4,N,13094,2,0
N,Carbon,Pennsylvania,CarbonPennsylvania,42101,42025,69.69,3,N,64182,30,0
N,Carlton,Minnesota,CarltonMinnesota,27053,27017,116.99,4,N,35871,24,0
N,Carson,Texas,CarsonTexas,48113,48065,319.04,6,N,5926,1,0
N,Carver,Minnesota,CarverMinnesota,27053,27019,20.4,2,N,105089,15,0
N,Cass,Michigan,CassMichigan,26163,26027,142.62,4,N,51787,7,1
N,Cass,Minnesota,CassMinnesota,27053,27021,140.59,4,N,29779,1,0
N,Cass,Nebraska,CassNebraska,31055,31025,26.76,3,N,26248,11,0
N,Cass,Texas,CassTexas,48113,48067,142.09,4,N,30026,4,0
N,Castro,Texas,CastroTexas,48113,48069,337.95,6,N,7530,3,0
N,Cedar,Nebraska,CedarNebraska,31055,31027,106.63,4,N,8402,5,0
N,Centre,Pennsylvania,CentrePennsylvania,42101,42027,155.65,5,N,162385,21,0
N,Chaffee,Colorado,ChaffeeColorado,8031,8015,104.44,4,N,20356,34,4
N,Chambers,Texas,ChambersTexas,48113,48071,245.59,5,N,43837,11,0
N,Charles Mix,South Dakota,Charles MixSouth Dakota,46099,46023,95.74,4,N,9292,0,0
N,Charlevoix,Michigan,CharlevoixMichigan,26163,26029,248.23,5,N,26143,3,0
N,Chase,Nebraska,ChaseNebraska,31055,31029,294.03,5,N,3924,0,0
N,Cheboygan,Michigan,CheboyganMichigan,26163,26031,228.89,5,N,25276,2,1
N,Cherokee,Texas,CherokeeTexas,48113,48073,114.19,4,N,52646,2,0
N,Cherry,Nebraska,CherryNebraska,31055,31031,267.56,5,N,5689,1,0
N,Chester,Pennsylvania,ChesterPennsylvania,42101,42029,32.72,3,N,524989,366,25
N,Cheyenne,Colorado,CheyenneColorado,8031,8017,137.5,4,N,1831,0,0
N,Cheyenne,Nebraska,CheyenneNebraska,31055,31033,356.17,6,N,8910,8,0
N,Childress,Texas,ChildressTexas,48113,48075,231.81,5,N,7306,0,0
N,Chippewa,Michigan,ChippewaMichigan,26163,26033,285.79,5,N,37349,0,0
N,Chippewa,Minnesota,ChippewaMinnesota,27053,27023,102.04,4,Y,11800,1,0
N,Chisago,Minnesota,ChisagoMinnesota,27053,27025,44.3,3,N,56579,4,0
N,Clare,Michigan,ClareMichigan,26163,26035,142.19,4,N,30950,1,0
N,Clarion,Pennsylvania,ClarionPennsylvania,42101,42031,239.39,5,N,38438,5,0
N,Clark,South Dakota,ClarkSouth Dakota,46099,46025,94.07,4,N,3736,1,0
Y,Clay,Minnesota,ClayMinnesota,27053,27027,195.26,5,N,64222,58,1
N,Clay,Nebraska,ClayNebraska,31055,31035,112.54,4,N,6203,11,0
N,Clay,South Dakota,ClaySouth Dakota,46099,46027,52.94,3,N,14070,2,0
N,Clay,Texas,ClayTexas,48113,48077,108.73,4,N,10471,1,0
N,Clear Creek,Colorado,Clear CreekColorado,8031,8019,42.29,3,N,9700,3,1
N,Clearfield,Pennsylvania,ClearfieldPennsylvania,42101,42033,188.35,5,N,79255,3,0
N,Clearwater,Minnesota,ClearwaterMinnesota,27053,27029,199.28,5,N,8818,0,0
N,Clinton,Michigan,ClintonMichigan,26163,26037,81.77,4,N,79595,13,1
N,Clinton,Pennsylvania,ClintonPennsylvania,42101,42035,157.14,5,N,38632,3,0
N,Cochran,Texas,CochranTexas,48113,48079,354.69,6,N,2853,0,0
N,Codington,South Dakota,CodingtonSouth Dakota,46099,46029,91.93,4,N,28009,2,0
N,Coke,Texas,CokeTexas,48113,48081,233.42,5,N,3387,0,0
N,Coleman,Texas,ColemanTexas,48113,48083,161.08,5,N,8175,0,0
N,Colfax,Nebraska,ColfaxNebraska,31055,31037,52.11,3,N,10709,413,0
N,Collingsworth,Texas,CollingsworthTexas,48113,48087,251.38,5,N,2920,0,0
N,Collin,Texas,CollinTexas,48113,48085,31.7,3,N,1034730,205,6
N,Colorado,Texas,ColoradoTexas,48113,48089,219.68,5,N,21493,6,0
N,Columbia,Pennsylvania,ColumbiaPennsylvania,42101,42037,97.88,4,N,64964,59,8
N,Comal,Texas,ComalTexas,48113,48091,222.57,5,N,156209,13,1
N,Comanche,Texas,ComancheTexas,48113,48093,117.72,4,N,13635,1,0
N,Concho,Texas,ConchoTexas,48113,48095,206.53,5,N,2726,0,0
N,Conejos,Colorado,ConejosColorado,8031,8021,189.51,5,N,8205,0,0
N,Cooke,Texas,CookeTexas,48113,48097,65.23,3,N,41257,1,0
N,Cook,Minnesota,CookMinnesota,27053,27031,231.81,5,N,5463,0,0
N,Corson,South Dakota,CorsonSouth Dakota,46099,46031,256.84,5,N,4086,0,0
N,Coryell,Texas,CoryellTexas,48113,48099,112.24,4,N,75951,45,0
N,Costilla,Colorado,CostillaColorado,8031,8023,174.19,5,N,3887,0,0
N,Cottle,Texas,CottleTexas,48113,48101,221.49,5,N,1398,2,1
N,Cottonwood,Minnesota,CottonwoodMinnesota,27053,27033,108.68,4,Y,11196,3,0
N,Crane,Texas,CraneTexas,48113,48103,346.8,6,N,4797,0,0
N,Crawford,Michigan,CrawfordMichigan,26163,26039,178.8,5,N,14029,21,1
N,Crawford,Pennsylvania,CrawfordPennsylvania,42101,42039,284.6,5,N,84629,2,0
N,Crockett,Texas,CrockettTexas,48113,48105,306.43,6,N,3464,0,0
N,Crosby,Texas,CrosbyTexas,48113,48107,267.75,5,N,5737,0,0
N,Crow Wing,Minnesota,Crow WingMinnesota,27053,27035,106.55,4,N,65055,3,0
N,Crowley,Colorado,CrowleyColorado,8031,8025,115.49,4,N,6061,0,0
N,Culberson,Texas,CulbersonTexas,48113,48109,462.47,6,N,2171,0,0
N,Cumberland,Pennsylvania,CumberlandPennsylvania,42101,42041,113.11,4,N,253370,64,6
N,Cuming,Nebraska,CumingNebraska,31055,31039,53.87,3,N,8846,0,0
N,Custer,Colorado,CusterColorado,8031,8027,117.7,4,N,5068,1,0
N,Custer,Nebraska,CusterNebraska,31055,31041,185.43,5,N,10777,27,3
N,Custer,South Dakota,CusterSouth Dakota,46099,46033,333.05,6,N,8972,0,0
Y,Dakota,Minnesota,DakotaMinnesota,27053,27037,30.74,3,Y,429021,77,2
Y,Dakota,Nebraska,DakotaNebraska,31055,31043,78.42,4,N,20026,1342,3
N,Dallam,Texas,DallamTexas,48113,48111,410.62,6,N,7287,2,0
Y,Dallas,Texas,DallasTexas,48113,48113,0,1,Y,2635516,907,15
N,Dauphin,Pennsylvania,DauphinPennsylvania,42101,42043,91.88,4,N,278299,141,3
N,Davison,South Dakota,DavisonSouth Dakota,46099,46035,67.98,3,N,19775,2,0
N,Dawes,Nebraska,DawesNebraska,31055,31045,371.37,6,N,8589,1,0
N,Dawson,Nebraska,DawsonNebraska,31055,31047,192.95,5,N,23595,705,0
N,Dawson,Texas,DawsonTexas,48113,48115,300.33,6,N,12728,5,1
N,Day,South Dakota,DaySouth Dakota,46099,46037,123.52,4,N,5424,4,0
N,Deaf Smith,Texas,Deaf SmithTexas,48113,48117,366.56,6,N,18546,9,0
N,Delaware,Pennsylvania,DelawarePennsylvania,42101,42045,15.45,2,N,566747,873,89
N,Delta,Colorado,DeltaColorado,8031,8029,171.21,5,N,31162,5,0
N,Delta,Michigan,DeltaMichigan,26163,26041,302.97,6,N,35784,4,0
N,Delta,Texas,DeltaTexas,48113,48119,76.96,4,N,5331,1,0
N,Denton,Texas,DentonTexas,48113,48121,36.13,3,N,887207,170,6
Y,Denver,Colorado,DenverColorado,8031,8031,0,1,Y,727211,637,25
N,Deuel,Nebraska,DeuelNebraska,31055,31049,321.36,6,N,1794,0,0
N,Deuel,South Dakota,DeuelSouth Dakota,46099,46039,75.41,4,N,4351,0,0
N,Dewey,South Dakota,DeweySouth Dakota,46099,46041,224.86,5,N,5892,0,0
N,DeWitt,Texas,DeWittTexas,48113,48123,256.92,5,N,20160,14,1
N,Dickens,Texas,DickensTexas,48113,48125,239,5,N,2211,0,0
N,Dickinson,Michigan,DickinsonMichigan,26163,26043,344.05,6,N,25239,0,0
N,Dimmit,Texas,DimmitTexas,48113,48127,348.71,6,N,10124,0,0
N,Dixon,Nebraska,DixonNebraska,31055,31051,89.68,4,N,5636,24,0
N,Dodge,Minnesota,DodgeMinnesota,27053,27039,74.34,3,N,20934,3,0
N,Dodge,Nebraska,DodgeNebraska,31055,31053,31.98,3,N,36565,147,0
N,Dolores,Colorado,DoloresColorado,8031,8033,240.88,5,N,2055,0,0
N,Donley,Texas,DonleyTexas,48113,48129,276.57,5,N,3278,6,0
Y,Douglas,Colorado,DouglasColorado,8031,8035,30.18,3,N,351154,105,7
N,Douglas,Minnesota,DouglasMinnesota,27053,27041,115.69,4,N,38141,2,0
Y,Douglas,Nebraska,DouglasNebraska,31055,31055,0,1,Y,571327,1501,14
N,Douglas,South Dakota,DouglasSouth Dakota,46099,46043,80.57,4,N,2921,0,0
N,Dundy,Nebraska,DundyNebraska,31055,31057,299.4,5,N,1693,0,0
N,Duval,Texas,DuvalTexas,48113,48131,366.06,6,N,11157,2,0
N,Eagle,Colorado,EagleColorado,8031,8037,96.77,4,N,55127,99,2
N,Eastland,Texas,EastlandTexas,48113,48133,123.7,4,N,18360,0,0
N,Eaton,Michigan,EatonMichigan,26163,26045,83.5,4,N,110268,28,0
N,Ector,Texas,EctorTexas,48113,48135,342.24,6,N,166223,30,0
N,Edmunds,South Dakota,EdmundsSouth Dakota,46099,46045,169.12,5,N,3829,0,0
N,Edwards,Texas,EdwardsTexas,48113,48137,283.26,5,N,1932,0,0
Y,El Paso,Colorado,El PasoColorado,8031,8041,67.27,3,N,720403,230,11
N,El Paso,Texas,El PasoTexas,48113,48141,556.97,6,N,839238,248,5
N,Elbert,Colorado,ElbertColorado,8031,8039,51.21,3,N,26729,1,0
N,Elk,Pennsylvania,ElkPennsylvania,42101,42047,208.76,5,N,29910,3,1
Y,Ellis,Texas,EllisTexas,48113,48139,29.02,3,N,184826,42,3
N,Emmet,Michigan,EmmetMichigan,26163,26047,243.96,5,N,33415,10,0
N,Erath,Texas,ErathTexas,48113,48143,91.73,4,N,42698,3,0
N,Erie,Pennsylvania,EriePennsylvania,42101,42049,296.7,5,N,269728,16,0
N,Fall River,South Dakota,Fall RiverSouth Dakota,46099,46047,338.24,6,N,6713,0,0
N,Falls,Texas,FallsTexas,48113,48145,105.08,4,N,17297,1,0
N,Fannin,Texas,FanninTexas,48113,48147,68.99,3,N,35514,3,0
N,Faribault,Minnesota,FaribaultMinnesota,27053,27043,94.78,4,N,13653,2,0
N,Faulk,South Dakota,FaulkSouth Dakota,46099,46049,151.29,5,N,2299,1,0
N,Fayette,Pennsylvania,FayettePennsylvania,42101,42051,238.97,5,N,129274,15,1
N,Fayette,Texas,FayetteTexas,48113,48149,199.8,5,N,25346,10,0
N,Fillmore,Minnesota,FillmoreMinnesota,27053,27045,114.41,4,N,21067,2,0
N,Fillmore,Nebraska,FillmoreNebraska,31055,31059,92.3,4,N,5462,3,0
N,Fisher,Texas,FisherTexas,48113,48151,210.62,5,N,3830,0,0
N,Floyd,Texas,FloydTexas,48113,48153,276.09,5,N,5712,1,0
N,Foard,Texas,FoardTexas,48113,48155,192.27,5,N,1155,0,0
N,Forest,Pennsylvania,ForestPennsylvania,42101,42053,239.14,5,N,7247,1,0
N,Fort Bend,Texas,Fort BendTexas,48113,48157,231.67,5,N,811688,268,9
N,Franklin,Nebraska,FranklinNebraska,31055,31061,165.92,5,N,2979,5,0
N,Franklin,Pennsylvania,FranklinPennsylvania,42101,42055,137.32,4,N,155027,82,3
N,Franklin,Texas,FranklinTexas,48113,48159,94.7,4,N,10725,0,0
N,Freeborn,Minnesota,FreebornMinnesota,27053,27047,92.23,4,N,30281,7,0
N,Freestone,Texas,FreestoneTexas,48113,48161,82.41,4,N,19717,2,0
N,Fremont,Colorado,FremontColorado,8031,8043,94.79,4,N,47839,10,0
N,Frio,Texas,FrioTexas,48113,48163,302.7,6,N,20306,11,0
N,Frontier,Nebraska,FrontierNebraska,31055,31063,228.24,5,N,2627,1,0
N,Fulton,Pennsylvania,FultonPennsylvania,42101,42057,158.45,5,N,14530,1,0
N,Furnas,Nebraska,FurnasNebraska,31055,31065,210.88,5,N,4676,4,0
N,Gage,Nebraska,GageNebraska,31055,31067,77.13,4,N,21513,40,3
N,Gaines,Texas,GainesTexas,48113,48165,340.07,6,N,21492,0,0
N,Galveston,Texas,GalvestonTexas,48113,48167,268.71,5,N,342139,88,6
N,Garden,Nebraska,GardenNebraska,31055,31069,320.52,6,N,1837,0,0
N,Garfield,Colorado,GarfieldColorado,8031,8045,161.46,5,N,60061,16,0
N,Garfield,Nebraska,GarfieldNebraska,31055,31071,149.1,4,N,1969,0,0
N,Garza,Texas,GarzaTexas,48113,48169,263.7,5,N,6229,0,0
N,Genesee,Michigan,GeneseeMichigan,26163,26049,55.67,3,N,405813,292,30
N,Gillespie,Texas,GillespieTexas,48113,48171,211.33,5,N,26988,0,0
N,Gilpin,Colorado,GilpinColorado,8031,8047,35.09,3,N,6243,1,0
N,Gladwin,Michigan,GladwinMichigan,26163,26051,130.81,4,N,25449,5,0
N,Glasscock,Texas,GlasscockTexas,48113,48173,284.22,5,N,1409,0,0
N,Gogebic,Michigan,GogebicMichigan,26163,26053,433.54,6,N,13975,0,0
N,Goliad,Texas,GoliadTexas,48113,48175,286.35,5,N,7658,2,0
N,Gonzales,Texas,GonzalesTexas,48113,48177,231.61,5,N,20837,14,1
N,Goodhue,Minnesota,GoodhueMinnesota,27053,27049,55.75,3,Y,46340,3,0
N,Gosper,Nebraska,GosperNebraska,31055,31073,199.21,5,N,1990,12,0
N,Grand Traverse,Michigan,Grand TraverseMichigan,26163,26055,203.64,5,N,93088,4,1
N,Grand,Colorado,GrandColorado,8031,8049,69.05,3,N,15734,0,0
N,Grant,Minnesota,GrantMinnesota,27053,27051,138.47,4,N,5972,0,0
N,Grant,Nebraska,GrantNebraska,31055,31075,292.54,5,N,623,0,0
N,Grant,South Dakota,GrantSouth Dakota,46099,46051,104,4,N,7052,0,0
N,Gratiot,Michigan,GratiotMichigan,26163,26057,97.38,4,N,40711,5,0
N,Grayson,Texas,GraysonTexas,48113,48181,59.55,3,N,136212,12,0
N,Gray,Texas,GrayTexas,48113,48179,293.97,5,N,21886,5,0
N,Greeley,Nebraska,GreeleyNebraska,31055,31077,124.51,4,N,2356,2,0
N,Greene,Pennsylvania,GreenePennsylvania,42101,42059,270,5,N,36233,4,0
N,Gregg,Texas,GreggTexas,48113,48183,115.81,4,N,123945,15,0
N,Gregory,South Dakota,GregorySouth Dakota,46099,46053,125.38,4,N,4185,0,0
N,Grimes,Texas,GrimesTexas,48113,48185,160.52,5,N,28880,7,0
N,Guadalupe,Texas,GuadalupeTexas,48113,48187,230.6,5,N,166847,7,0
N,Gunnison,Colorado,GunnisonColorado,8031,8051,139.75,4,N,17462,37,1
N,Haakon,South Dakota,HaakonSouth Dakota,46099,46055,242.21,5,N,1899,0,0
N,Hale,Texas,HaleTexas,48113,48189,304.46,6,N,33406,8,1
Y,Hall,Nebraska,HallNebraska,31055,31079,125.65,4,N,61353,1325,28
N,Hall,Texas,HallTexas,48113,48191,247.63,5,N,2964,0,0
N,Hamilton,Nebraska,HamiltonNebraska,31055,31081,101.51,4,N,9324,45,7
N,Hamilton,Texas,HamiltonTexas,48113,48193,106.94,4,N,8461,0,0
N,Hamlin,South Dakota,HamlinSouth Dakota,46099,46057,72.53,3,N,6164,0,0
N,Hand,South Dakota,HandSouth Dakota,46099,46059,125.29,4,N,3191,1,0
N,Hansford,Texas,HansfordTexas,48113,48195,355.74,6,N,5399,1,0
N,Hanson,South Dakota,HansonSouth Dakota,46099,46061,50.04,3,N,3453,0,0
N,Hardeman,Texas,HardemanTexas,48113,48197,200.69,5,N,3933,0,0
N,Harding,South Dakota,HardingSouth Dakota,46099,46063,354.24,6,N,1298,0,0
N,Hardin,Texas,HardinTexas,48113,48199,219.27,5,N,57602,22,1
N,Harlan,Nebraska,HarlanNebraska,31055,31083,186.82,5,N,3380,0,0
N,Harrison,Texas,HarrisonTexas,48113,48203,140.65,4,N,66553,50,1
Y,Harris,Texas,HarrisTexas,48113,48201,217.03,5,N,4713325,1776,29
N,Hartley,Texas,HartleyTexas,48113,48205,394.69,6,N,5576,1,0
N,Haskell,Texas,HaskellTexas,48113,48207,173.44,5,N,5658,0,0
N,Hayes,Nebraska,HayesNebraska,31055,31085,261.23,5,N,922,0,0
N,Hays,Texas,HaysTexas,48113,48209,200.97,5,N,230191,27,1
N,Hemphill,Texas,HemphillTexas,48113,48211,290.56,5,N,3819,1,0
N,Henderson,Texas,HendersonTexas,48113,48213,66.17,3,N,82737,9,0
Y,Hennepin,Minnesota,HennepinMinnesota,27053,27053,0,1,N,1265843,619,68
N,Hidalgo,Texas,HidalgoTexas,48113,48215,448.15,6,N,868707,78,0
N,Hillsdale,Michigan,HillsdaleMichigan,26163,26059,76.52,4,N,45605,26,3
N,Hill,Texas,HillTexas,48113,48217,57.97,3,N,36649,2,0
N,Hinsdale,Colorado,HinsdaleColorado,8031,8053,190.58,5,N,820,0,0
N,Hitchcock,Nebraska,HitchcockNebraska,31055,31087,267.41,5,N,2762,1,0
N,Hockley,Texas,HockleyTexas,48113,48219,326.92,6,N,23021,3,1
N,Holt,Nebraska,HoltNebraska,31055,31089,157.35,5,N,10067,1,0
N,Hood,Texas,HoodTexas,48113,48221,65.58,3,N,61643,4,1
N,Hooker,Nebraska,HookerNebraska,31055,31091,259.92,5,N,682,0,0
N,Hopkins,Texas,HopkinsTexas,48113,48223,75.12,4,N,37084,0,0
N,Houghton,Michigan,HoughtonMichigan,26163,26061,419.65,6,N,35684,0,0
N,Houston,Minnesota,HoustonMinnesota,27053,27055,134.43,4,N,18600,0,0
N,Houston,Texas,HoustonTexas,48113,48225,127.54,4,N,22968,0,0
N,Howard,Nebraska,HowardNebraska,31055,31093,122.65,4,N,6445,21,0
N,Howard,Texas,HowardTexas,48113,48227,273.31,5,N,36664,1,0
N,Hubbard,Minnesota,HubbardMinnesota,27053,27057,159.99,5,N,21491,0,0
N,Hudspeth,Texas,HudspethTexas,48113,48229,511.26,6,N,4886,0,0
N,Huerfano,Colorado,HuerfanoColorado,8031,8055,143.37,4,N,6897,0,0
N,Hughes,South Dakota,HughesSouth Dakota,46099,46065,166.18,5,N,17526,6,0
N,Huntingdon,Pennsylvania,HuntingdonPennsylvania,42101,42061,152.28,5,N,45144,56,0
N,Hunt,Texas,HuntTexas,48113,48231,47.21,3,N,98594,12,0
N,Huron,Michigan,HuronMichigan,26163,26063,113.98,4,N,30981,5,0
N,Hutchinson,South Dakota,HutchinsonSouth Dakota,46099,46067,52.98,3,N,7291,1,0
N,Hutchinson,Texas,HutchinsonTexas,48113,48233,336.76,6,N,20938,6,0
N,Hyde,South Dakota,HydeSouth Dakota,46099,46069,146.65,4,N,1301,0,0
N,Indiana,Pennsylvania,IndianaPennsylvania,42101,42063,212.93,5,N,84073,13,0
N,Ingham,Michigan,InghamMichigan,26163,26065,60.82,3,N,292406,113,4
N,Ionia,Michigan,IoniaMichigan,26163,26067,102.79,4,N,64697,19,0
N,Iosco,Michigan,IoscoMichigan,26163,26069,142.8,4,N,25127,9,1
N,Irion,Texas,IrionTexas,48113,48235,266.1,5,N,1536,0,0
N,Iron,Michigan,IronMichigan,26163,26071,374.5,6,N,11066,0,0
N,Isabella,Michigan,IsabellaMichigan,26163,26073,123.28,4,N,69872,8,2
N,Isanti,Minnesota,IsantiMinnesota,27053,27059,39.41,3,N,40596,2,0
N,Itasca,Minnesota,ItascaMinnesota,27053,27061,171.81,5,N,45130,13,0
N,Jackson,Colorado,JacksonColorado,8031,8057,98.6,4,N,1392,0,0
N,Jackson,Michigan,JacksonMichigan,26163,26075,59.31,3,N,158510,79,4
N,Jackson,Minnesota,JacksonMinnesota,27053,27063,123.81,4,N,9846,4,0
N,Jackson,South Dakota,JacksonSouth Dakota,46099,46071,241.38,5,N,3344,0,0
N,Jackson,Texas,JacksonTexas,48113,48239,263.29,5,N,14760,7,0
N,Jack,Texas,JackTexas,48113,48237,86.91,4,N,8935,3,0
N,Jasper,Texas,JasperTexas,48113,48241,213.48,5,N,35529,5,0
N,Jeff Davis,Texas,Jeff DavisTexas,48113,48243,460.1,6,N,2274,0,0
Y,Jefferson,Colorado,JeffersonColorado,8031,8059,22.88,2,N,582881,297,13
N,Jefferson,Nebraska,JeffersonNebraska,31055,31095,93.19,4,N,7046,4,0
N,Jefferson,Pennsylvania,JeffersonPennsylvania,42101,42065,217.14,5,N,43425,1,0
N,Jefferson,Texas,JeffersonTexas,48113,48245,254.13,5,N,251565,56,3
N,Jerauld,South Dakota,JerauldSouth Dakota,46099,46073,95.05,4,N,2013,0,0
N,Jim Hogg,Texas,Jim HoggTexas,48113,48247,411.99,6,N,5200,0,0
N,Jim Wells,Texas,Jim WellsTexas,48113,48249,356.48,6,N,40482,2,0
N,Johnson,Nebraska,JohnsonNebraska,31055,31097,62.58,3,N,5071,5,0
N,Johnson,Texas,JohnsonTexas,48113,48251,43.39,3,N,175817,11,1
N,Jones,South Dakota,JonesSouth Dakota,46099,46075,194.95,5,N,903,0,0
N,Jones,Texas,JonesTexas,48113,48253,179.9,5,N,20083,6,0
N,Juniata,Pennsylvania,JuniataPennsylvania,42101,42067,124.82,4,N,24763,14,0
N,Kalamazoo,Michigan,KalamazooMichigan,26163,26077,116.14,4,N,265066,74,2
N,Kalkaska,Michigan,KalkaskaMichigan,26163,26079,189.08,5,N,18038,5,1
N,Kanabec,Minnesota,KanabecMinnesota,27053,27065,65.63,3,N,16337,0,0
Y,Kandiyohi,Minnesota,KandiyohiMinnesota,27053,27067,75.32,4,Y,43199,23,0
N,Karnes,Texas,KarnesTexas,48113,48255,274.27,5,N,15601,0,0
N,Kaufman,Texas,KaufmanTexas,48113,48257,30.77,3,N,136154,20,0
N,Kearney,Nebraska,KearneyNebraska,31055,31099,155.82,5,N,6495,6,0
N,Keith,Nebraska,KeithNebraska,31055,31101,285.27,5,N,8034,2,0
N,Kendall,Texas,KendallTexas,48113,48259,225.89,5,N,47431,5,0
N,Kenedy,Texas,KenedyTexas,48113,48261,408.95,6,N,404,0,0
N,Kent,Michigan,KentMichigan,26163,26081,127.1,4,N,656955,312,7
N,Kent,Texas,KentTexas,48113,48263,233.12,5,N,762,0,0
N,Kerr,Texas,KerrTexas,48113,48265,241.16,5,N,52600,4,0
N,Keweenaw,Michigan,KeweenawMichigan,26163,26083,442.63,6,N,2116,0,0
N,Keya Paha,Nebraska,Keya PahaNebraska,31055,31103,212.8,5,N,806,0,0
N,Kimball,Nebraska,KimballNebraska,31055,31105,392.51,6,N,3623,9,0
N,Kimble,Texas,KimbleTexas,48113,48267,235.5,5,N,4337,0,0
N,Kingsbury,South Dakota,KingsburySouth Dakota,46099,46077,59.43,3,N,4939,0,0
N,King,Texas,KingTexas,48113,48269,209.11,5,N,272,0,0
N,Kinney,Texas,KinneyTexas,48113,48271,319.69,6,N,3667,0,0
N,Kiowa,Colorado,KiowaColorado,8031,8061,148.28,4,N,1406,0,0
N,Kit Carson,Colorado,Kit CarsonColorado,8031,8063,125.4,4,N,7097,0,0
N,Kittson,Minnesota,KittsonMinnesota,27053,27069,303.58,6,N,4298,1,0
N,Kleberg,Texas,KlebergTexas,48113,48273,371.9,6,N,30680,2,0
N,Knox,Nebraska,KnoxNebraska,31055,31107,128.46,4,N,8332,5,0
N,Knox,Texas,KnoxTexas,48113,48275,181.4,5,N,3664,0,0
N,Koochiching,Minnesota,KoochichingMinnesota,27053,27071,224.3,5,N,12229,0,0
N,La Plata,Colorado,La PlataColorado,8031,8067,234.1,5,N,56221,16,0
N,La Salle,Texas,La SalleTexas,48113,48283,334.81,6,N,7520,1,0
N,Lac qui Parle,Minnesota,Lac qui ParleMinnesota,27053,27073,131.98,4,Y,6623,0,0
N,Lackawanna,Pennsylvania,LackawannaPennsylvania,42101,42069,101.96,4,N,209674,187,17
N,Lake of the Woods,Minnesota,Lake of the WoodsMinnesota,27053,27077,268.54,5,N,3740,0,0
N,Lake,Colorado,LakeColorado,8031,8065,87.3,4,N,8127,4,0
N,Lake,Michigan,LakeMichigan,26163,26085,174.59,5,N,11853,1,0
N,Lake,Minnesota,LakeMinnesota,27053,27075,199.52,5,N,10641,0,0
N,Lake,South Dakota,LakeSouth Dakota,46099,46079,29.81,3,N,12797,3,0
N,Lamar,Texas,LamarTexas,48113,48277,93.52,4,N,49859,1,0
N,Lamb,Texas,LambTexas,48113,48279,333.51,6,N,12893,1,0
N,Lampasas,Texas,LampasasTexas,48113,48281,138.26,4,N,21428,4,0
N,Lancaster,Nebraska,LancasterNebraska,31055,31109,45.11,3,N,319090,595,1
N,Lancaster,Pennsylvania,LancasterPennsylvania,42101,42071,59.13,3,N,545724,390,110
N,Lapeer,Michigan,LapeerMichigan,26163,26087,55.58,3,N,87607,46,1
N,Larimer,Colorado,LarimerColorado,8031,8069,69.89,3,N,356899,71,3
N,Las Animas,Colorado,Las AnimasColorado,8031,8071,174.74,5,N,14506,2,0
N,Lavaca,Texas,LavacaTexas,48113,48285,234,5,N,20154,3,1
N,Lawrence,Pennsylvania,LawrencePennsylvania,42101,42073,281.53,5,N,85512,7,0
N,Lawrence,South Dakota,LawrenceSouth Dakota,46099,46081,350.99,6,N,25844,5,0
N,Le Sueur,Minnesota,Le SueurMinnesota,27053,27079,45.47,3,N,28887,4,0
N,Lebanon,Pennsylvania,LebanonPennsylvania,42101,42075,74.16,3,N,141793,116,1
N,Leelanau,Michigan,LeelanauMichigan,26163,26089,241.83,5,N,21761,2,0
N,Lee,Texas,LeeTexas,48113,48287,169.4,5,N,17239,2,0
N,Lehigh,Pennsylvania,LehighPennsylvania,42101,42077,48.24,3,N,369318,559,23
N,Lenawee,Michigan,LenaweeMichigan,26163,26091,49.24,3,N,98451,15,0
N,Leon,Texas,LeonTexas,48113,48289,111.22,4,N,17404,0,0
N,Liberty,Texas,LibertyTexas,48113,48291,213.71,5,N,88219,20,0
N,Limestone,Texas,LimestoneTexas,48113,48293,84.95,4,N,23437,3,0
N,Lincoln,Colorado,LincolnColorado,8031,8073,90.52,4,N,5701,0,0
N,Lincoln,Minnesota,LincolnMinnesota,27053,27081,143.41,4,N,5639,1,0
N,Lincoln,Nebraska,LincolnNebraska,31055,31111,239.32,5,N,34914,39,1
N,Lincoln,South Dakota,LincolnSouth Dakota,46099,46083,27.06,3,N,61128,35,0
N,Lipscomb,Texas,LipscombTexas,48113,48295,313.77,6,N,3233,0,0
N,Live Oak,Texas,Live OakTexas,48113,48297,315.44,6,N,12207,0,0
N,Livingston,Michigan,LivingstonMichigan,26163,26093,39.75,3,N,191995,50,0
N,Llano,Texas,LlanoTexas,48113,48299,181.08,5,N,21795,0,0
N,Logan,Colorado,LoganColorado,8031,8075,115.63,4,N,22409,12,0
N,Logan,Nebraska,LoganNebraska,31055,31113,222.87,5,N,748,0,0
N,Loup,Nebraska,LoupNebraska,31055,31115,178.27,5,N,664,0,0
N,Loving,Texas,LovingTexas,48113,48301,401.12,6,N,169,0,0
N,Lubbock,Texas,LubbockTexas,48113,48303,297.26,5,N,310569,71,12
N,Luce,Michigan,LuceMichigan,26163,26095,341.3,6,N,6229,0,0
N,Luzerne,Pennsylvania,LuzernePennsylvania,42101,42079,91.74,4,N,317417,374,24
N,Lycoming,Pennsylvania,LycomingPennsylvania,42101,42081,136.52,4,N,113299,26,0
N,Lyman,South Dakota,LymanSouth Dakota,46099,46085,152.76,5,N,3781,0,0
N,Lynn,Texas,LynnTexas,48113,48305,293.5,5,N,5951,1,0
N,Lyon,Minnesota,LyonMinnesota,27053,27083,123.56,4,N,25474,3,0
N,Mackinac,Michigan,MackinacMichigan,26163,26097,286.7,5,N,10799,2,0
Y,Macomb,Michigan,MacombMichigan,26163,26099,32.16,3,N,873972,1047,93
N,Madison,Nebraska,MadisonNebraska,31055,31119,86.18,4,N,35099,249,3
N,Madison,Texas,MadisonTexas,48113,48313,133.96,4,N,14284,1,0
N,Mahnomen,Minnesota,MahnomenMinnesota,27053,27087,195.38,5,N,5527,1,1
N,Manistee,Michigan,ManisteeMichigan,26163,26101,220.37,5,N,24558,2,0
N,Marion,Texas,MarionTexas,48113,48315,140.63,4,N,9854,6,0
N,Marquette,Michigan,MarquetteMichigan,26163,26103,369.55,6,N,66699,9,0
N,Marshall,Minnesota,MarshallMinnesota,27053,27089,269.13,5,N,9336,0,0
N,Marshall,South Dakota,MarshallSouth Dakota,46099,46091,148.1,4,N,4935,0,0
N,Martin,Minnesota,MartinMinnesota,27053,27091,105.76,4,N,19683,26,1
N,Martin,Texas,MartinTexas,48113,48317,303.54,6,N,5771,0,0
N,Mason,Michigan,MasonMichigan,26163,26105,211.94,5,N,29144,3,0
N,Mason,Texas,MasonTexas,48113,48319,203,5,N,4274,4,0
N,Matagorda,Texas,MatagordaTexas,48113,48321,279.11,5,N,36643,10,1
N,Maverick,Texas,MaverickTexas,48113,48323,348.11,6,N,58722,11,0
N,McCook,South Dakota,McCookSouth Dakota,46099,46087,28.31,3,N,5586,0,0
N,McCulloch,Texas,McCullochTexas,48113,48307,185.8,5,N,7984,1,0
N,McKean,Pennsylvania,McKeanPennsylvania,42101,42083,218.61,5,N,40625,1,1
N,McLennan,Texas,McLennanTexas,48113,48309,87.68,4,N,256623,7,1
N,McLeod,Minnesota,McLeodMinnesota,27053,27085,41.03,3,N,35893,2,0
N,McMullen,Texas,McMullenTexas,48113,48311,321.14,6,N,743,0,0
N,McPherson,Nebraska,McPhersonNebraska,31055,31117,254.9,5,N,494,0,0
N,McPherson,South Dakota,McPhersonSouth Dakota,46099,46089,188.27,5,N,2379,0,0
N,Meade,South Dakota,MeadeSouth Dakota,46099,46093,300.57,6,N,28332,1,0
N,Mecosta,Michigan,MecostaMichigan,26163,26107,140.25,4,N,43453,3,0
N,Medina,Texas,MedinaTexas,48113,48325,273.26,5,N,51584,2,1
N,Meeker,Minnesota,MeekerMinnesota,27053,27093,51.98,3,N,23222,3,0
N,Mellette,South Dakota,MelletteSouth Dakota,46099,46095,198.36,5,N,2061,0,0
N,Menard,Texas,MenardTexas,48113,48327,222.58,5,N,2138,0,0
N,Menominee,Michigan,MenomineeMichigan,26163,26109,308.82,6,N,22780,1,0
N,Mercer,Pennsylvania,MercerPennsylvania,42101,42085,282.72,5,N,109424,15,0
N,Merrick,Nebraska,MerrickNebraska,31055,31121,97.92,4,N,7755,21,0
N,Mesa,Colorado,MesaColorado,8031,8077,197.97,5,N,154210,11,0
N,Midland,Michigan,MidlandMichigan,26163,26111,109.86,4,N,83156,12,1
N,Midland,Texas,MidlandTexas,48113,48329,312.46,6,N,176832,38,1
N,Mifflin,Pennsylvania,MifflinPennsylvania,42101,42087,137.5,4,N,46138,4,0
N,Milam,Texas,MilamTexas,48113,48331,137.05,4,N,24823,3,0
N,Mille Lacs,Minnesota,Mille LacsMinnesota,27053,27095,64.23,3,N,26277,1,0
N,Mills,Texas,MillsTexas,48113,48333,137.9,4,N,4873,0,0
N,Mineral,Colorado,MineralColorado,8031,8079,183.01,5,N,769,1,0
N,Miner,South Dakota,MinerSouth Dakota,46099,46097,47.22,3,N,2216,0,0
Y,Minnehaha,South Dakota,MinnehahaSouth Dakota,46099,46099,0,1,N,193134,531,1
N,Missaukee,Michigan,MissaukeeMichigan,26163,26113,168.18,5,N,15118,0,0
N,Mitchell,Texas,MitchellTexas,48113,48335,243.61,5,N,8545,0,0
N,Moffat,Colorado,MoffatColorado,8031,8081,184.23,5,N,13283,1,0
Y,Monroe,Michigan,MonroeMichigan,26163,26115,27.96,3,N,150500,56,1
N,Monroe,Pennsylvania,MonroePennsylvania,42101,42089,73.06,3,N,170271,182,7
N,Montague,Texas,MontagueTexas,48113,48337,83.3,4,N,19818,1,1
N,Montcalm,Michigan,MontcalmMichigan,26163,26117,119.17,4,N,63888,8,0
N,Montezuma,Colorado,MontezumaColorado,8031,8083,261.39,5,N,26183,2,0
Y,Montgomery,Pennsylvania,MontgomeryPennsylvania,42101,42091,18.68,2,Y,830915,863,127
N,Montgomery,Texas,MontgomeryTexas,48113,48339,186.1,5,N,607391,111,1
N,Montmorency,Michigan,MontmorencyMichigan,26163,26119,194.19,5,N,9328,0,0
N,Montour,Pennsylvania,MontourPennsylvania,42101,42093,106.95,4,N,18230,6,0
N,Montrose,Colorado,MontroseColorado,8031,8085,203.9,5,N,42758,24,3
N,Moody,South Dakota,MoodySouth Dakota,46099,46101,24.57,2,N,6576,4,0
N,Moore,Texas,MooreTexas,48113,48341,360.59,6,N,20940,103,2
N,Morgan,Colorado,MorganColorado,8031,8087,66.51,3,N,29068,118,1
N,Morrill,Nebraska,MorrillNebraska,31055,31123,354.88,6,N,4642,9,0
N,Morrison,Minnesota,MorrisonMinnesota,27053,27097,79.88,4,N,33386,5,0
N,Morris,Texas,MorrisTexas,48113,48343,121.13,4,N,12388,2,0
N,Motley,Texas,MotleyTexas,48113,48345,248.15,5,N,1200,0,0
N,Mower,Minnesota,MowerMinnesota,27053,27099,99.1,4,Y,40062,8,0
N,Murray,Minnesota,MurrayMinnesota,27053,27101,131.8,4,Y,8194,5,0
N,Muskegon,Michigan,MuskegonMichigan,26163,26121,190.07,5,N,173566,68,5
N,Nacogdoches,Texas,NacogdochesTexas,48113,48347,148.98,4,N,65204,20,3
N,Nance,Nebraska,NanceNebraska,31055,31125,95.57,4,N,3519,4,0
N,Navarro,Texas,NavarroTexas,48113,48349,52.67,3,N,50113,10,2
N,Nemaha,Nebraska,NemahaNebraska,31055,31127,64.82,3,N,6972,1,0
N,Newaygo,Michigan,NewaygoMichigan,26163,26123,155.47,5,N,48980,12,0
N,Newton,Texas,NewtonTexas,48113,48351,224.9,5,N,13595,0,0
N,Nicollet,Minnesota,NicolletMinnesota,27053,27103,58.59,3,N,34274,3,0
Y,Nobles,Minnesota,NoblesMinnesota,27053,27105,145.61,4,Y,21629,226,1
N,Nolan,Texas,NolanTexas,48113,48353,214.3,5,N,14714,0,0
N,Norman,Minnesota,NormanMinnesota,27053,27107,214.96,5,N,6375,1,0
N,Northampton,Pennsylvania,NorthamptonPennsylvania,42101,42095,52.18,3,N,305285,394,42
N,Northumberland,Pennsylvania,NorthumberlandPennsylvania,42101,42097,101.29,4,N,90843,21,0
N,Nuckolls,Nebraska,NuckollsNebraska,31055,31129,125.75,4,N,4148,0,0
N,Nueces,Texas,NuecesTexas,48113,48355,350.19,6,N,362294,18,2
Y,Oakland,Michigan,OaklandMichigan,26163,26125,26.7,3,N,1257584,1342,153
N,Oceana,Michigan,OceanaMichigan,26163,26127,202.46,5,N,26467,4,0
N,Ochiltree,Texas,OchiltreeTexas,48113,48357,334.14,6,N,9836,0,0
N,Ogemaw,Michigan,OgemawMichigan,26163,26129,148.09,4,N,20997,8,0
N,Oldham,Texas,OldhamTexas,48113,48359,379.41,6,N,2112,0,0
N,Olmsted,Minnesota,OlmstedMinnesota,27053,27109,87.01,4,N,158293,44,0
N,Ontonagon,Michigan,OntonagonMichigan,26163,26131,457.77,6,N,5720,1,0
N,Orange,Texas,OrangeTexas,48113,48361,249.67,5,N,83396,11,0
N,Osceola,Michigan,OsceolaMichigan,26163,26133,157.46,5,N,23460,0,0
N,Oscoda,Michigan,OscodaMichigan,26163,26135,171.4,5,N,8241,1,0
N,Otero,Colorado,OteroColorado,8031,8089,143.96,4,N,18278,2,0
N,Otoe,Nebraska,OtoeNebraska,31055,31131,45.56,3,N,16012,2,0
N,Otsego,Michigan,OtsegoMichigan,26163,26137,200.2,5,N,24668,15,1
N,Ottawa,Michigan,OttawaMichigan,26163,26139,178.42,5,N,291830,72,4
N,Otter Tail,Minnesota,Otter TailMinnesota,27053,27111,145,4,Y,58746,3,0
N,Ouray,Colorado,OurayColorado,8031,8091,190.89,5,N,4952,1,0
N,Palo Pinto,Texas,Palo PintoTexas,48113,48363,89.46,4,N,29189,1,0
N,Panola,Texas,PanolaTexas,48113,48365,150.07,5,N,23194,25,4
N,Park,Colorado,ParkColorado,8031,8093,62.99,3,N,18845,8,0
N,Parker,Texas,ParkerTexas,48113,48367,59.7,3,N,142878,8,0
N,Parmer,Texas,ParmerTexas,48113,48369,366.29,6,N,9605,3,0
N,Pawnee,Nebraska,PawneeNebraska,31055,31133,80.24,4,N,2613,0,0
N,Pecos,Texas,PecosTexas,48113,48371,375.2,6,N,15823,4,0
N,Pennington,Minnesota,PenningtonMinnesota,27053,27113,244.15,5,N,14119,0,0
N,Pennington,South Dakota,PenningtonSouth Dakota,46099,46103,301.26,6,N,113775,6,0
N,Perkins,Nebraska,PerkinsNebraska,31055,31135,287.12,5,N,2891,0,0
N,Perkins,South Dakota,PerkinsSouth Dakota,46099,46105,305.98,6,N,2865,0,0
N,Perry,Pennsylvania,PerryPennsylvania,42101,42099,115.71,4,N,46272,8,0
N,Phelps,Nebraska,PhelpsNebraska,31055,31137,178.19,5,N,9034,10,0
Y,Philadelphia,Pennsylvania,PhiladelphiaPennsylvania,42101,42101,0,1,Y,1584064,2707,167
N,Phillips,Colorado,PhillipsColorado,8031,8095,145.69,4,N,4265,0,0
N,Pierce,Nebraska,PierceNebraska,31055,31139,100.82,4,N,7148,1,0
N,Pike,Pennsylvania,PikePennsylvania,42101,42103,91.12,4,N,55809,60,6
N,Pine,Minnesota,PineMinnesota,27053,27115,83.12,4,N,29579,21,0
N,Pipestone,Minnesota,PipestoneMinnesota,27053,27117,153.2,5,N,9126,1,0
N,Pitkin,Colorado,PitkinColorado,8031,8097,114.86,4,N,17767,8,2
N,Platte,Nebraska,PlatteNebraska,31055,31141,73.02,3,N,33470,353,0
N,Polk,Minnesota,PolkMinnesota,27053,27119,236.63,5,N,31364,1,0
N,Polk,Nebraska,PolkNebraska,31055,31143,73.98,3,N,5213,9,0
N,Polk,Texas,PolkTexas,48113,48373,178.21,5,N,51353,5,0
N,Pope,Minnesota,PopeMinnesota,27053,27121,103.95,4,N,11249,0,0
N,Potter,Pennsylvania,PotterPennsylvania,42101,42105,187.72,5,N,16526,1,0
N,Potter,South Dakota,PotterSouth Dakota,46099,46107,183.24,5,N,2153,0,0
N,Potter,Texas,PotterTexas,48113,48375,344.53,6,N,117415,197,1
N,Presidio,Texas,PresidioTexas,48113,48377,480.68,6,N,6704,0,0
N,Presque Isle,Michigan,Presque IsleMichigan,26163,26141,221.52,5,N,12592,3,0
N,Prowers,Colorado,ProwersColorado,8031,8099,182.89,5,N,12172,1,0
N,Pueblo,Colorado,PuebloColorado,8031,8101,111.93,4,N,168424,33,1
N,Rains,Texas,RainsTexas,48113,48379,57.52,3,N,12514,2,0
Y,Ramsey,Minnesota,RamseyMinnesota,27053,27123,18.33,2,N,550321,173,8
N,Randall,Texas,RandallTexas,48113,48381,330.39,6,N,137713,53,0
N,Reagan,Texas,ReaganTexas,48113,48383,293.48,5,N,3849,0,0
N,Real,Texas,RealTexas,48113,48385,270.73,5,N,3452,0,0
N,Red Lake,Minnesota,Red LakeMinnesota,27053,27125,233.42,5,N,4055,1,0
N,Red River,Texas,Red RiverTexas,48113,48387,116.08,4,N,12023,0,0
N,Red Willow,Nebraska,Red WillowNebraska,31055,31145,238.92,5,N,10724,5,0
N,Redwood,Minnesota,RedwoodMinnesota,27053,27127,96.77,4,N,15170,2,0
N,Reeves,Texas,ReevesTexas,48113,48389,418.37,6,N,15976,0,0
N,Refugio,Texas,RefugioTexas,48113,48391,308.61,6,N,6948,0,0
N,Renville,Minnesota,RenvilleMinnesota,27053,27129,75.08,4,Y,14548,1,0
N,Rice,Minnesota,RiceMinnesota,27053,27131,46.09,3,Y,66972,4,0
N,Richardson,Nebraska,RichardsonNebraska,31055,31147,84.22,4,N,7865,0,0
N,Rio Blanco,Colorado,Rio BlancoColorado,8031,8103,176.66,5,N,6324,1,0
N,Rio Grande,Colorado,Rio GrandeColorado,8031,8105,178.7,5,N,11267,3,0
N,Robertson,Texas,RobertsonTexas,48113,48395,121.31,4,N,17074,1,0
N,Roberts,South Dakota,RobertsSouth Dakota,46099,46109,135.35,4,N,10394,1,0
N,Roberts,Texas,RobertsTexas,48113,48393,312.76,6,N,854,0,0
N,Rock,Minnesota,RockMinnesota,27053,27133,165.85,5,Y,9315,4,0
N,Rock,Nebraska,RockNebraska,31055,31149,186.71,5,N,1357,0,0
N,Rockwall,Texas,RockwallTexas,48113,48397,23.13,2,N,104915,18,1
N,Roscommon,Michigan,RoscommonMichigan,26163,26143,157.34,5,N,24019,4,0
N,Roseau,Minnesota,RoseauMinnesota,27053,27135,282.08,5,N,15165,0,0
N,Routt,Colorado,RouttColorado,8031,8107,121.85,4,N,25638,11,2
N,Runnels,Texas,RunnelsTexas,48113,48399,197.11,5,N,10264,0,0
N,Rusk,Texas,RuskTexas,48113,48401,126.36,4,N,54406,3,0
N,Sabine,Texas,SabineTexas,48113,48403,197.59,5,N,10542,0,0
N,Saginaw,Michigan,SaginawMichigan,26163,26145,82.56,4,N,190539,137,13
N,Saguache,Colorado,SaguacheColorado,8031,8109,140.17,4,N,6824,0,0
N,Saline,Nebraska,SalineNebraska,31055,31151,74.25,3,N,14224,349,0
N,San Augustine,Texas,San AugustineTexas,48113,48405,180.53,5,N,8237,6,1
N,San Jacinto,Texas,San JacintoTexas,48113,48407,178.82,5,N,28859,0,0
N,San Juan,Colorado,San JuanColorado,8031,8111,203.23,5,N,728,0,0
N,San Miguel,Colorado,San MiguelColorado,8031,8113,225.91,5,N,8179,4,0
N,San Patricio,Texas,San PatricioTexas,48113,48409,331.49,6,N,66730,2,0
N,San Saba,Texas,San SabaTexas,48113,48411,163.44,5,N,6055,0,0
N,Sanborn,South Dakota,SanbornSouth Dakota,46099,46111,69.06,3,N,2344,0,0
N,Sanilac,Michigan,SanilacMichigan,26163,26151,86.35,4,N,41170,7,2
N,Sarpy,Nebraska,SarpyNebraska,31055,31153,12.79,2,N,187196,234,0
N,Saunders,Nebraska,SaundersNebraska,31055,31155,25.8,3,N,21578,11,0
N,Schleicher,Texas,SchleicherTexas,48113,48413,255.19,5,N,2793,0,0
N,Schoolcraft,Michigan,SchoolcraftMichigan,26163,26153,296.33,5,N,8094,1,0
N,Schuylkill,Pennsylvania,SchuylkillPennsylvania,42101,42107,74.57,3,N,141359,59,1
N,Scott,Minnesota,ScottMinnesota,27053,27139,24.64,2,N,149013,23,0
Y,Scotts Bluff,Nebraska,Scotts BluffNebraska,31055,31157,392.09,6,N,35618,41,0
N,Scurry,Texas,ScurryTexas,48113,48415,240.26,5,N,16703,0,0
N,Sedgwick,Colorado,SedgwickColorado,8031,8115,153.54,5,N,2248,0,0
N,Seward,Nebraska,SewardNebraska,31055,31159,59.17,3,N,17284,17,1
N,Shackelford,Texas,ShackelfordTexas,48113,48417,149.26,4,N,3265,0,0
N,Shelby,Texas,ShelbyTexas,48113,48419,168.11,5,N,25274,28,0
N,Sherburne,Minnesota,SherburneMinnesota,27053,27141,33.54,3,Y,97238,12,0
N,Sheridan,Nebraska,SheridanNebraska,31055,31161,331.3,6,N,5246,0,0
N,Sherman,Nebraska,ShermanNebraska,31055,31163,146.5,4,N,3001,2,0
N,Sherman,Texas,ShermanTexas,48113,48421,378.92,6,N,3022,3,0
N,Shiawassee,Michigan,ShiawasseeMichigan,26163,26155,64.38,3,N,68122,29,3
N,Sibley,Minnesota,SibleyMinnesota,27053,27143,47.48,3,N,14865,0,0
N,Sioux,Nebraska,SiouxNebraska,31055,31165,398.69,6,N,1166,0,0
N,Smith,Texas,SmithTexas,48113,48423,91.89,4,N,232751,25,0
N,Snyder,Pennsylvania,SnyderPennsylvania,42101,42109,114.35,4,N,40372,6,0
N,Somerset,Pennsylvania,SomersetPennsylvania,42101,42111,206.17,5,N,73447,7,0
N,Somervell,Texas,SomervellTexas,48113,48425,69.09,3,N,9128,0,0
N,Spink,South Dakota,SpinkSouth Dakota,46099,46115,115.97,4,N,6376,1,0
N,St. Clair,Michigan,St. ClairMichigan,26163,26147,53.76,3,N,159128,50,0
N,St. Joseph,Michigan,St. JosephMichigan,26163,26149,118.74,4,N,60964,5,0
N,St. Louis,Minnesota,St. LouisMinnesota,27053,27137,184.53,5,N,199070,10,2
N,Stanley,South Dakota,StanleySouth Dakota,46099,46117,203.02,5,N,3098,0,0
N,Stanton,Nebraska,StantonNebraska,31055,31167,67.41,3,N,5920,8,0
N,Starr,Texas,StarrTexas,48113,48427,445.24,6,N,64633,0,0
Y,Stearns,Minnesota,StearnsMinnesota,27053,27145,66.98,3,Y,161075,271,1
N,Steele,Minnesota,SteeleMinnesota,27053,27147,69.6,3,N,36649,6,0
N,Stephens,Texas,StephensTexas,48113,48429,119.83,4,N,9366,0,0
N,Sterling,Texas,SterlingTexas,48113,48431,257.88,5,N,1291,0,0
N,Stevens,Minnesota,StevensMinnesota,27053,27149,128.88,4,N,9805,0,0
N,Stonewall,Texas,StonewallTexas,48113,48433,203.44,5,N,1350,0,0
N,Sullivan,Pennsylvania,SullivanPennsylvania,42101,42113,122.37,4,N,6066,0,0
N,Sully,South Dakota,SullySouth Dakota,46099,46119,180.58,5,N,1391,0,0
N,Summit,Colorado,SummitColorado,8031,8117,67.53,3,N,31011,42,0
N,Susquehanna,Pennsylvania,SusquehannaPennsylvania,42101,42115,129.84,4,N,40328,17,2
N,Sutton,Texas,SuttonTexas,48113,48435,268.69,5,N,3776,0,0
N,Swift,Minnesota,SwiftMinnesota,27053,27151,109.55,4,N,9266,0,0
N,Swisher,Texas,SwisherTexas,48113,48437,309.87,6,N,7397,0,0
Y,Tarrant,Texas,TarrantTexas,48113,48439,29.8,3,Y,2102515,565,14
N,Taylor,Texas,TaylorTexas,48113,48441,184.34,5,N,138034,53,1
N,Teller,Colorado,TellerColorado,8031,8119,63.57,3,N,25388,5,0
N,Terrell,Texas,TerrellTexas,48113,48443,357.62,6,N,776,0,0
N,Terry,Texas,TerryTexas,48113,48445,323.51,6,N,12337,0,0
N,Thayer,Nebraska,ThayerNebraska,31055,31169,108.27,4,N,5003,0,0
N,Thomas,Nebraska,ThomasNebraska,31055,31171,228.17,5,N,722,1,0
N,Throckmorton,Texas,ThrockmortonTexas,48113,48447,143.46,4,N,1501,0,0
N,Thurston,Nebraska,ThurstonNebraska,31055,31173,62.37,3,N,7224,12,0
N,Tioga,Pennsylvania,TiogaPennsylvania,42101,42117,164.47,5,N,40591,3,0
N,Titus,Texas,TitusTexas,48113,48449,109.45,4,N,32750,9,0
N,Todd,Minnesota,ToddMinnesota,27053,27153,100.63,4,Y,24664,5,0
N,Todd,South Dakota,ToddSouth Dakota,46099,46121,199.26,5,N,10177,3,0
N,Tom Green,Texas,Tom GreenTexas,48113,48451,235.32,5,N,119200,42,1
N,Traverse,Minnesota,TraverseMinnesota,27053,27155,154.83,5,N,3259,2,0
N,Travis,Texas,TravisTexas,48113,48453,182.72,5,N,1273954,257,8
N,Trinity,Texas,TrinityTexas,48113,48455,150.15,5,N,14651,3,0
N,Tripp,South Dakota,TrippSouth Dakota,46099,46123,155.91,5,N,5441,0,0
N,Turner,South Dakota,TurnerSouth Dakota,46099,46125,30.5,3,N,8384,2,0
N,Tuscola,Michigan,TuscolaMichigan,26163,26157,83.6,4,N,52245,19,2
N,Tyler,Texas,TylerTexas,48113,48457,197.23,5,N,21672,4,0
N,Union,Pennsylvania,UnionPennsylvania,42101,42119,120.56,4,N,44923,3,0
N,Union,South Dakota,UnionSouth Dakota,46099,46127,58.25,3,N,15932,12,0
N,Upshur,Texas,UpshurTexas,48113,48459,106.75,4,N,41753,1,0
N,Upton,Texas,UptonTexas,48113,48461,323.26,6,N,3657,0,0
N,Uvalde,Texas,UvaldeTexas,48113,48463,294.74,5,N,26741,1,0
N,Val Verde,Texas,Val VerdeTexas,48113,48465,325.71,6,N,49025,3,0
N,Valley,Nebraska,ValleyNebraska,31055,31175,147.72,4,N,4158,1,0
N,Van Buren,Michigan,Van BurenMichigan,26163,26159,155.58,5,N,75677,9,0
N,Van Zandt,Texas,Van ZandtTexas,48113,48467,56.65,3,N,56590,1,0
N,Venango,Pennsylvania,VenangoPennsylvania,42101,42121,260.42,5,N,50668,0,0
N,Victoria,Texas,VictoriaTexas,48113,48469,274.58,5,N,92084,24,1
N,Wabasha,Minnesota,WabashaMinnesota,27053,27157,78.59,4,N,21627,2,0
N,Wadena,Minnesota,WadenaMinnesota,27053,27159,131.3,4,N,13682,1,0
N,Walker,Texas,WalkerTexas,48113,48471,156.83,5,N,72971,103,0
N,Waller,Texas,WallerTexas,48113,48473,195.95,5,N,55246,6,0
N,Walworth,South Dakota,WalworthSouth Dakota,46099,46129,200.27,5,N,5435,0,0
N,Ward,Texas,WardTexas,48113,48475,380.08,6,N,11998,0,0
N,Warren,Pennsylvania,WarrenPennsylvania,42101,42123,252.29,5,N,39191,0,0
N,Waseca,Minnesota,WasecaMinnesota,27053,27161,68.47,3,N,18612,1,0
N,Washington,Colorado,WashingtonColorado,8031,8121,89.73,4,N,4908,2,0
Y,Washington,Minnesota,WashingtonMinnesota,27053,27163,28.66,3,N,262440,51,2
N,Washington,Nebraska,WashingtonNebraska,31055,31177,16.77,2,N,20729,22,1
N,Washington,Pennsylvania,WashingtonPennsylvania,42101,42125,270.8,5,N,206865,15,2
N,Washington,Texas,WashingtonTexas,48113,48477,177.65,5,N,35882,29,7
N,Washtenaw,Michigan,WashtenawMichigan,26163,26161,29.88,3,N,367601,182,12
N,Watonwan,Minnesota,WatonwanMinnesota,27053,27165,90.51,4,Y,10897,3,0
Y,Wayne,Michigan,WayneMichigan,26163,26163,0,1,Y,1749343,3426,420
N,Wayne,Nebraska,WayneNebraska,31055,31179,80.6,4,N,9385,2,0
N,Wayne,Pennsylvania,WaynePennsylvania,42101,42127,113.43,4,N,51361,24,1
N,Webb,Texas,WebbTexas,48113,48479,377.18,6,N,276652,81,3
N,Webster,Nebraska,WebsterNebraska,31055,31181,144.96,4,N,3487,5,0
Y,Weld,Colorado,WeldColorado,8031,8123,60.81,3,Y,324492,382,10
N,Westmoreland,Pennsylvania,WestmorelandPennsylvania,42101,42129,229.74,5,N,348899,97,2
N,Wexford,Michigan,WexfordMichigan,26163,26165,182.92,5,N,33631,3,1
N,Wharton,Texas,WhartonTexas,48113,48481,243.21,5,N,41556,2,0
N,Wheeler,Nebraska,WheelerNebraska,31055,31183,130.09,4,N,783,0,0
N,Wheeler,Texas,WheelerTexas,48113,48483,269.13,5,N,5056,1,0
N,Wichita,Texas,WichitaTexas,48113,48485,140.21,4,N,132230,14,0
N,Wilbarger,Texas,WilbargerTexas,48113,48487,168.75,5,N,12769,0,0
N,Wilkin,Minnesota,WilkinMinnesota,27053,27167,172.53,5,N,6207,1,0
N,Willacy,Texas,WillacyTexas,48113,48489,437,6,N,21358,0,0
N,Williamson,Texas,WilliamsonTexas,48113,48491,154.19,5,N,590551,92,1
N,Wilson,Texas,WilsonTexas,48113,48493,260.03,5,N,51070,4,0
N,Winkler,Texas,WinklerTexas,48113,48495,372.22,6,N,8010,0,0
N,Winona,Minnesota,WinonaMinnesota,27053,27169,109.59,4,N,50484,14,2
N,Wise,Texas,WiseTexas,48113,48497,59.58,3,N,69984,5,0
N,Wood,Texas,WoodTexas,48113,48499,81.12,4,N,45539,0,0
N,Wright,Minnesota,WrightMinnesota,27053,27171,26.66,3,N,138377,13,0
N,Wyoming,Pennsylvania,WyomingPennsylvania,42101,42131,114.31,4,N,26794,5,0
N,Yankton,South Dakota,YanktonSouth Dakota,46099,46135,54.51,3,N,22814,4,0
N,Yellow Medicine,Minnesota,Yellow MedicineMinnesota,27053,27173,118.63,4,N,9709,1,0
N,Yoakum,Texas,YoakumTexas,48113,48501,351.5,6,N,8713,0,0
N,York,Nebraska,YorkNebraska,31055,31185,80.64,4,N,13679,17,0
N,York,Pennsylvania,YorkPennsylvania,42101,42133,84.68,4,N,449058,132,1
N,Young,Texas,YoungTexas,48113,48503,113.41,4,N,18010,0,0
N,Yuma,Colorado,YumaColorado,8031,8125,131.36,4,N,10019,2,0
N,Zapata,Texas,ZapataTexas,48113,48505,423.85,6,N,14179,2,0
N,Zavala,Texas,ZavalaTexas,48113,48507,322.44,6,N,11840,1,0
N,Ziebach,South Dakota,ZiebachSouth Dakota,46099,46137,257.38,5,N,2756,0,0